,mu_0,mu_1,mu_2,sigma2_0,sigma2_1,sigma2_2,pi_0,pi_1,pi_2
0,32.61437403340004,9.8431495309149,21.477278373910007,0.9364607270227363,0.36336507807100515,4.964408203574507,0.036585365853658534,0.08536585365853659,0.8780487804878049
1,33.02087294139803,9.70208005061317,21.338008074605327,1.1442335618856383,0.1998384229587521,4.679121897041265,0.036585365853658534,0.08536585365853659,0.8780487804878049
2,32.95406612250471,9.97711558611341,21.387710735314336,1.1707367803497382,0.5026199841154201,4.554541097263246,0.036585365853658534,0.08536585365853659,0.8780487804878049
3,35.046548985506206,9.93206349915724,21.336980647699686,67.66538685234215,0.5828358403422781,4.953178688593172,0.06097560975609756,0.08536585365853659,0.8536585365853658
4,33.09579871683057,9.611482077318954,21.38979807141616,0.6233853078450704,0.26919579026600343,4.178103482296496,0.036585365853658534,0.08536585365853659,0.8780487804878049
5,32.58720932827726,9.70365974436451,21.338319333271556,0.8796221611969288,0.34225263514075693,4.634263642115422,0.036585365853658534,0.08536585365853659,0.8780487804878049
6,33.24210063311884,9.776221725753869,21.359078160975876,0.8583630963660607,0.8315392455180807,5.4898648851567255,0.036585365853658534,0.08536585365853659,0.8780487804878049
7,27.89628557122414,9.76986276285461,21.300057149003518,39.50706408562756,0.539847473769965,4.273752340577494,0.06097560975609756,0.08536585365853659,0.8536585365853658
8,32.80896369088087,9.796979969968238,21.421923384305163,1.8432816373291354,0.17862111971664787,5.911296545350193,0.036585365853658534,0.08536585365853659,0.8780487804878049
9,33.196694763209024,9.599521792051464,21.418153633895876,0.5026188383147272,0.16940211049075227,3.6713143292499444,0.036585365853658534,0.08536585365853659,0.8780487804878049
10,33.02551165584084,9.666633655201139,21.382974656218206,0.5814158588750474,0.13935433414221285,4.520280117763472,0.036585365853658534,0.08536585365853659,0.8780487804878049
11,33.11886179310154,9.766952719824914,21.235248055578563,0.5531351377022939,0.5418259358841201,7.183983778978765,0.036585365853658534,0.08536585365853659,0.8780487804878049
12,31.828636113119664,9.700286300055216,21.358680098679944,0.8060021539074503,0.5438519449281172,4.195834140050745,0.036585365853658534,0.08536585365853659,0.8780487804878049
13,33.341185284502956,9.688482465929273,21.387482027261708,1.1245660060254852,0.7073949386030316,4.808831132778067,0.036585365853658534,0.08536585365853659,0.8780487804878049
14,32.78491848191434,9.787940783547619,21.350945714022245,0.8488481520314175,0.3626393084874826,4.903225264312148,0.036585365853658534,0.08536585365853659,0.8780487804878049
15,33.409931225903556,9.744627677123777,21.39453614277229,0.8494224050162614,0.34737166100386935,4.592298383923197,0.036585365853658534,0.08536585365853659,0.8780487804878049
16,33.034931642963194,9.762242065097936,21.36707651823903,1.5450215850832627,0.243851848626852,4.431004144983439,0.036585365853658534,0.08536585365853659,0.8780487804878049
17,32.89841302806612,9.709339170403396,21.3917446263479,6.425781776296232,0.4061415619079804,4.609766831869328,0.036585365853658534,0.08536585365853659,0.8780487804878049
18,32.95473679872806,9.741096487036197,21.414231258845145,2.142735805820405,0.49091340608475165,8.000183335797177,0.036585365853658534,0.08536585365853659,0.8780487804878049
19,32.69465344694275,9.871938509717927,21.360606862285305,1.239558420650157,0.31642442822335337,4.529674131615853,0.036585365853658534,0.08536585365853659,0.8780487804878049
20,33.007505145065615,9.731914868830895,21.455923613301273,0.6400826129112797,0.17768326618574087,2.9228879836651083,0.036585365853658534,0.08536585365853659,0.8780487804878049
21,33.189448808451154,9.689140732613708,21.448671016381507,0.40333045825894837,0.7705288590851839,6.435718624617272,0.036585365853658534,0.08536585365853659,0.8780487804878049
22,32.22156456527391,9.757897839318598,21.43678615278239,0.9062567143820106,0.25614372308194683,6.0595712793645955,0.036585365853658534,0.08536585365853659,0.8780487804878049
23,32.879852261814506,9.751123808763776,21.357997946525874,0.3096334934884675,0.26876757407835067,4.318888968496098,0.036585365853658534,0.08536585365853659,0.8780487804878049
24,32.851401555055844,9.749460078468092,21.356006460042316,1.5694889525003792,0.5309838804400259,4.3829606183292755,0.036585365853658534,0.08536585365853659,0.8780487804878049
25,33.08223304330452,9.848747165878017,21.376663524015434,3.789410290914583,0.3752868958870485,3.5524647666167706,0.036585365853658534,0.08536585365853659,0.8780487804878049
26,33.0146697781248,9.768801037142602,21.390877000487645,6.16725860640443,0.27680237361393395,5.199565289638148,0.036585365853658534,0.08536585365853659,0.8780487804878049
27,33.00648323206255,9.772043260033943,21.356431750004486,0.9795315516103513,0.42757751643098235,4.761292563169208,0.036585365853658534,0.08536585365853659,0.8780487804878049
28,32.74368829943597,9.76682774062457,21.399078653894176,0.9740559200748644,0.4426392999572899,5.947562037075637,0.036585365853658534,0.08536585365853659,0.8780487804878049
29,32.595842069241634,9.828884540218592,21.435749206762942,2.403319592385384,0.5524323471453404,3.8854907958885976,0.036585365853658534,0.08536585365853659,0.8780487804878049
30,32.47383985714571,9.72344014130737,21.334998024878377,0.7070530041504371,0.4257327640805794,5.449813411315499,0.036585365853658534,0.08536585365853659,0.8780487804878049
31,33.16989883233325,9.974906931400913,21.257218823422484,1.0041712994652883,0.2364872005514316,4.116547828901387,0.036585365853658534,0.08536585365853659,0.8780487804878049
32,34.01216520709616,9.786171551798743,21.393681482676786,6.506309152620562,0.2453408989993985,5.448610118418347,0.036585365853658534,0.08536585365853659,0.8780487804878049
33,32.20477587680655,9.680283359562134,21.256836718493453,2.9328961906450712,0.23397351189075574,4.489688345757451,0.036585365853658534,0.08536585365853659,0.8780487804878049
34,2.816061857926666,9.702991734152285,21.44190676065105,1344.7232551170514,0.8240016761306287,5.390358011881172,0.036585365853658534,0.08536585365853659,0.8780487804878049
35,32.819251836821856,9.588112585489219,21.382395392007002,1.5407239305457763,0.33380034335563435,4.856642091347729,0.036585365853658534,0.08536585365853659,0.8780487804878049
36,32.986813976931934,9.83361268433152,21.38453772161447,0.6559314515559433,0.38407800984842616,4.837584495643486,0.036585365853658534,0.08536585365853659,0.8780487804878049
37,30.631337670882626,9.659105963535993,21.25478111602265,8.468931780462283,0.7683250087472983,3.5858412593361892,0.04878048780487805,0.08536585365853659,0.8658536585365854
38,32.51696202208971,9.788696068020126,21.274158094169486,3.2234915933036787,0.2652762737595304,4.858435033645375,0.036585365853658534,0.08536585365853659,0.8780487804878049
39,32.884209872315424,9.699545608347545,21.407757960213022,0.6471281085778451,0.3315929872916813,4.3787839794867764,0.036585365853658534,0.08536585365853659,0.8780487804878049
40,32.97811066121687,9.722206445107869,21.38766909835106,0.4651648508646268,0.7169512082401263,4.468348387556005,0.036585365853658534,0.08536585365853659,0.8780487804878049
41,32.678373881340036,9.975180287972313,21.316031757676843,1.319442214384171,0.3519474109046057,4.56359631277842,0.036585365853658534,0.08536585365853659,0.8780487804878049
42,31.6179469614691,9.702308124415921,21.210482045470727,1.3891949203918672,0.3841899653078936,5.419359002028841,0.036585365853658534,0.08536585365853659,0.8780487804878049
43,32.67244582283185,9.774870181157862,21.454656298056157,0.9803907340835506,0.24374991170400914,4.615876941731158,0.036585365853658534,0.08536585365853659,0.8780487804878049
44,33.06200956904441,9.823849453400594,21.44193533654648,1.0052350906163872,0.27287011901880526,4.759509930068815,0.036585365853658534,0.08536585365853659,0.8780487804878049
45,32.70998025359834,9.743625943172624,21.43007305963773,1.6217302068594197,0.4545289127557657,4.589827644544285,0.036585365853658534,0.08536585365853659,0.8780487804878049
46,32.19966751564726,9.72708078659398,21.414227349196494,1.0847311144668181,0.6120201186665533,4.8620167889090045,0.036585365853658534,0.08536585365853659,0.8780487804878049
47,32.20028158689998,9.72473216449264,21.35402017288804,1.021761453372254,0.5093741799687986,3.9447972662959567,0.036585365853658534,0.08536585365853659,0.8780487804878049
48,32.31016449387563,9.733428469761177,21.47230152541394,1.453257891098001,0.6606797132859703,3.835083502910475,0.036585365853658534,0.08536585365853659,0.8780487804878049
49,31.751232371012378,9.695695873707933,21.31963780226045,1.8333575079315136,0.5367089601592892,5.052090517841887,0.036585365853658534,0.08536585365853659,0.8780487804878049
50,31.184498144738072,9.679360007479481,21.218339721930036,7.277614543279172,0.19741796078256985,3.8364695622150298,0.06097560975609756,0.08536585365853659,0.8536585365853658
51,32.2343270617643,9.733444340870811,21.40561197558872,0.7320447091478915,0.22460174142136416,5.08261139625004,0.036585365853658534,0.08536585365853659,0.8780487804878049
52,33.255160291694835,9.722844541301399,21.346144533869026,0.7078606694581445,0.3280564807210813,5.140129516186101,0.036585365853658534,0.08536585365853659,0.8780487804878049
53,32.12248993836521,9.716073724215704,21.356110262154907,2.695693063121289,0.6207558455506342,4.463724837579303,0.036585365853658534,0.08536585365853659,0.8780487804878049
54,33.40293338627953,9.718954630758688,21.31138687074332,0.7964670554618525,0.15651362002085453,4.4344521268549055,0.036585365853658534,0.08536585365853659,0.8780487804878049
55,31.765664750568394,9.65745445792043,21.26408931039583,3.3085360288783434,0.41535985851725954,3.7877467238796236,0.036585365853658534,0.08536585365853659,0.8780487804878049
56,22.53169672997284,9.716305718051157,21.363856680093424,36.94067878014319,0.23653476463115208,4.015442732317722,0.14634146341463414,0.08536585365853659,0.7682926829268293
57,28.047224072995267,9.736113387093722,21.366543106551084,14.18146023896137,0.37570299176417093,4.298559536617414,0.12195121951219512,0.08536585365853659,0.7926829268292683
58,32.37560654942067,9.749181829309492,21.408808024861766,81.67226350023024,0.2833196615978458,3.4505498706779205,0.07317073170731707,0.08536585365853659,0.8414634146341463
59,29.782213932866842,9.766217359220025,21.313841876810223,3.0432024835355587,0.4776787141347863,3.10178864136537,0.04878048780487805,0.08536585365853659,0.8658536585365854
60,32.48525176822649,9.632387182722642,21.43817155500781,0.7591477001177058,1.0188270760873495,6.159293503648812,0.036585365853658534,0.08536585365853659,0.8780487804878049
61,31.865670812055733,9.756629034440797,21.302645034694173,2.474553186913957,0.22981350993420804,4.927456749955081,0.04878048780487805,0.08536585365853659,0.8658536585365854
62,32.76573853806541,9.823731731618203,21.407058322813324,2.5472744261282485,0.5406387244354447,4.501656296766776,0.036585365853658534,0.08536585365853659,0.8780487804878049
63,32.728520041260765,9.7481152039171,21.33801156964974,0.4878478804620128,1.0766294796492701,5.26762794520638,0.036585365853658534,0.08536585365853659,0.8780487804878049
64,32.86974055544912,9.743591508335314,21.3759583280305,0.6947385108330183,0.4436427129336374,4.585036538688753,0.036585365853658534,0.08536585365853659,0.8780487804878049
65,32.93793114556464,9.892688643200254,21.192354989846567,2.3942733954179674,0.15363664603302507,5.162054038798975,0.036585365853658534,0.08536585365853659,0.8780487804878049
66,32.81648458924397,9.735229603500628,21.397663575260534,0.5890558800222323,0.46384970090065725,4.3520138337151035,0.036585365853658534,0.08536585365853659,0.8780487804878049
67,32.97062377907591,9.770913095234146,21.387155643221522,6.3943930991666535,0.3039899711745293,4.851152847395435,0.036585365853658534,0.08536585365853659,0.8780487804878049
68,33.10675546211354,9.686461423689854,21.415257196058196,1.0907527403028272,0.25034752769027163,4.165861880335272,0.036585365853658534,0.08536585365853659,0.8780487804878049
69,32.810517940049614,9.672889651563922,21.384578785734114,4.365766126650884,0.3305876252119015,4.592666476406128,0.036585365853658534,0.08536585365853659,0.8780487804878049
70,33.17301601683911,9.96046032355618,21.408453063442064,0.3332534159452654,0.2224940300088252,3.519088057488328,0.036585365853658534,0.08536585365853659,0.8780487804878049
71,32.76214885190291,9.824746286566722,21.341783895255553,0.9709436179433947,0.40924209328397604,4.492029802878121,0.036585365853658534,0.08536585365853659,0.8780487804878049
72,32.335791075334626,9.738375298147687,21.327072125844815,1.082940790099006,0.21681672219422266,4.598142385413772,0.036585365853658534,0.08536585365853659,0.8780487804878049
73,31.635768623735714,9.737890509581801,21.32254566305927,5.660571957352741,0.5195837132120639,4.630608838265507,0.036585365853658534,0.08536585365853659,0.8780487804878049
74,33.062502189229875,9.775085896076106,21.387741533682323,1.3896938043594695,0.2755874023315691,4.895840094755346,0.036585365853658534,0.08536585365853659,0.8780487804878049
75,33.191673578646885,9.787454830209667,21.38060611273724,1.9641084886341549,0.7745490985034075,7.202986199612766,0.036585365853658534,0.08536585365853659,0.8780487804878049
76,32.76105500119911,9.69597126447243,21.45222836461759,1.2492896841425447,0.5860158483193815,4.933867393967637,0.036585365853658534,0.08536585365853659,0.8780487804878049
77,34.13496844632749,9.763539921541883,21.466415788708005,3.2709222199992882,0.1537124891637961,4.145575327334478,0.036585365853658534,0.08536585365853659,0.8780487804878049
78,31.185415432805907,9.861329797513852,21.341452685033655,5.484596393450028,0.21504638611547558,4.446807144915083,0.04878048780487805,0.08536585365853659,0.8658536585365854
79,33.22392759669331,9.733892307269699,21.319143321814042,3.338815546690076,0.20177970219113717,4.480482194131444,0.036585365853658534,0.08536585365853659,0.8780487804878049
80,30.035781680230677,9.780536607476328,21.393762518944687,25.761020961657003,0.3597728579764397,3.4040160627539797,0.04878048780487805,0.08536585365853659,0.8658536585365854
81,35.228591657256075,9.735853783329002,21.51216164597465,10.512438207944939,0.6215656388085067,4.6284944988615795,0.036585365853658534,0.08536585365853659,0.8780487804878049
82,32.03694146236078,9.795934102464933,21.40359931921881,1.9113236744949282,0.6409595232767976,4.9534185596803555,0.036585365853658534,0.08536585365853659,0.8780487804878049
83,33.930284063479114,9.651613487365106,21.38711061163529,18.20940375142826,0.2734907555838121,4.394274390125019,0.04878048780487805,0.08536585365853659,0.8658536585365854
84,22.512255073526504,9.697785080287897,21.209640027692053,35.36674858052852,0.2203173923154885,2.89625382721764,0.12195121951219512,0.08536585365853659,0.7926829268292683
85,26.359770635749832,9.718093688668043,21.171886222138813,33.43310254820407,0.2406164741829552,3.991970631576352,0.12195121951219512,0.08536585365853659,0.7926829268292683
86,29.20891746798949,9.777288408115501,21.35083309998525,6.377474341743975,0.1766036236896894,3.667188268059905,0.04878048780487805,0.08536585365853659,0.8658536585365854
87,21.296567535545613,9.739544008882921,21.43914471366994,403.94538612334105,0.2813982808815121,2.8092732416643473,0.07317073170731707,0.08536585365853659,0.8414634146341463
88,28.344920580849774,9.747829867065583,21.115275690064458,21.508367348588123,0.30710389093179874,4.851197915852849,0.15853658536585366,0.08536585365853659,0.7560975609756098
89,31.817300624712928,9.67518512963741,21.627601228548272,59.14836533943159,0.3706330492347651,4.323462288922868,0.06097560975609756,0.08536585365853659,0.8536585365853658
90,31.902177238484196,9.914268409740817,21.29857716142259,118.79417474396189,0.4200427150682159,4.2570450071438355,0.08536585365853659,0.07317073170731707,0.8414634146341463
91,31.078174128002473,9.694077619366238,21.366055530388852,3.542089721404511,0.2717060101235209,4.071593347942034,0.036585365853658534,0.08536585365853659,0.8780487804878049
92,34.01889288050523,9.734127063559919,21.47936056365037,0.9538907684710499,0.3198090511642749,4.842811194749634,0.036585365853658534,0.08536585365853659,0.8780487804878049
93,32.87269829347348,9.719200793852803,21.41203634248077,1.3748367925662213,0.2961601778400744,5.8122711327721355,0.036585365853658534,0.08536585365853659,0.8780487804878049
94,29.133381656287323,9.824826893805634,21.432525230059532,11.086789383702785,0.3316526610132763,4.014896410438493,0.036585365853658534,0.08536585365853659,0.8780487804878049
95,32.72643037050905,9.709680237723004,21.429286521560254,0.937523910449355,0.44586385396087325,5.178979073752406,0.036585365853658534,0.08536585365853659,0.8780487804878049
96,32.97072565856387,9.731485156809144,21.450205746534408,0.590309542590288,0.27284040122248304,4.074768431153063,0.036585365853658534,0.08536585365853659,0.8780487804878049
97,33.145277267941665,9.76745579325236,21.383654211447237,0.5053953279281509,0.42261144460879435,4.4380710649354125,0.036585365853658534,0.08536585365853659,0.8780487804878049
98,32.52910432875201,9.772672056779465,21.410368966550372,0.673290406912673,0.2865253037291317,4.116941512651675,0.036585365853658534,0.08536585365853659,0.8780487804878049
99,29.90203585110852,9.791200585521318,21.23326316565049,18.203549465401416,0.36652281402952797,4.36297635541578,0.07317073170731707,0.08536585365853659,0.8414634146341463
100,26.956018795522052,9.736088739760751,21.183539351879197,10.826359757214108,0.5473305489983222,2.7839706812432925,0.0975609756097561,0.08536585365853659,0.8170731707317073
101,30.160234889272544,9.660106892963237,21.463118936955432,20.357668913227272,0.3202565818332926,4.532816719298942,0.06097560975609756,0.08536585365853659,0.8536585365853658
102,21.129432532391625,9.747249333800513,21.680006386532654,74.6421019167294,0.6466814623976855,4.6860082771841185,0.04878048780487805,0.08536585365853659,0.8658536585365854
103,32.640624073519966,9.693411996758625,21.332351920862912,0.4252758378196651,0.36876367255178333,6.1938190692220605,0.036585365853658534,0.08536585365853659,0.8780487804878049
104,32.855323882663185,9.725674625993129,21.370834128236144,1.7813457948799707,0.9793155626508354,7.176281175738346,0.036585365853658534,0.08536585365853659,0.8780487804878049
105,32.73616941761785,10.321823043333946,21.19819469588193,0.7678875278997083,0.6556339976990067,4.066824007344264,0.036585365853658534,0.08536585365853659,0.8780487804878049
106,33.42586020345638,9.761127390690758,21.381178972779086,0.5859050498049367,0.2826617979153417,4.713329794455327,0.036585365853658534,0.08536585365853659,0.8780487804878049
107,33.066637431876,9.77977931865214,21.439671021734355,1.3479086114441203,0.1571105755263698,4.206641004978391,0.036585365853658534,0.08536585365853659,0.8780487804878049
108,32.90383406782161,9.705276806163734,21.31142101088512,1.1453816812637372,0.3361296100417413,6.206200811879447,0.036585365853658534,0.08536585365853659,0.8780487804878049
109,32.29876318080956,9.643646825148322,21.494335847950207,2.1031066223651487,0.4694343799348449,3.914637682467504,0.036585365853658534,0.08536585365853659,0.8780487804878049
110,32.93481325338485,9.731577273938491,21.37230411188758,1.1955069285978004,0.43890549813219554,5.390941466716244,0.036585365853658534,0.08536585365853659,0.8780487804878049
111,32.951388240719616,9.757763730926575,21.31514279751077,0.18809870708309778,0.32711195062425363,4.84061309433674,0.036585365853658534,0.08536585365853659,0.8780487804878049
112,32.88396381489556,9.672128789604221,21.288685034364715,0.6106685020934708,0.2213664478803767,3.9951179165448685,0.036585365853658534,0.08536585365853659,0.8780487804878049
113,32.77778522559164,9.740434929724929,21.407005825671753,0.9166834668316446,0.49526859710146226,3.728944912262482,0.036585365853658534,0.08536585365853659,0.8780487804878049
114,32.391494311050685,9.610742643108628,21.47206202208217,2.9632268320128303,0.41406774101822863,4.695077444972001,0.036585365853658534,0.08536585365853659,0.8780487804878049
115,32.57048752292106,9.838893561833704,21.4431562693342,0.6448307128523839,0.3084316756512663,4.464580397651398,0.036585365853658534,0.08536585365853659,0.8780487804878049
116,32.78315731130709,9.758049902332548,21.370368643851254,2.1537196494449953,0.36156637075294945,4.20961595931261,0.036585365853658534,0.08536585365853659,0.8780487804878049
117,31.45396366620254,9.673387507160735,21.41492490969779,4.017095799793272,0.304772019651166,4.691334333972888,0.036585365853658534,0.08536585365853659,0.8780487804878049
118,27.401766002316727,9.708328907342421,21.130999767736142,19.051045474392314,0.3865705601968908,5.554216027865747,0.07317073170731707,0.08536585365853659,0.8414634146341463
119,28.37766261067246,9.700169250319641,21.33331339688588,25.212012834651414,0.4249796186740143,3.901936257181885,0.0975609756097561,0.08536585365853659,0.8170731707317073
120,26.920215062288047,9.725944465126341,21.371192244869235,28.13187375358637,0.40832202400178014,4.661444954552269,0.06097560975609756,0.08536585365853659,0.8536585365853658
121,28.355798412010298,9.71095462800666,21.393350650340253,10.564764530836658,1.2063142794789798,5.213481119255457,0.06097560975609756,0.08536585365853659,0.8536585365853658
122,27.54862677782303,9.771882848092247,20.89958890383222,12.196334319038032,0.30213649489162114,3.244013051215442,0.15853658536585366,0.08536585365853659,0.7560975609756098
123,28.651547366561314,9.751047915140644,21.280429012830613,22.197140842062595,0.31934412136629703,4.186269034142322,0.08536585365853659,0.08536585365853659,0.8292682926829268
124,30.976757081154133,9.746780299610817,21.41001564126889,2.133422716294193,0.20783439724586003,5.015296353364448,0.036585365853658534,0.08536585365853659,0.8780487804878049
125,24.417992983070885,9.74021773358646,21.446455425162807,52.88476896902284,0.5579427463927733,3.84193738784254,0.0975609756097561,0.08536585365853659,0.8170731707317073
126,28.41603807477549,9.67961074539902,21.33553246066274,16.48265644377004,0.5970574896284424,4.783364378087488,0.07317073170731707,0.08536585365853659,0.8414634146341463
127,25.92807389633396,9.650939388407657,21.16708842818737,27.3877121325532,0.5437527739495671,3.3462442015002987,0.14634146341463414,0.08536585365853659,0.7682926829268293
128,32.27721672918579,9.707153546707156,21.403315341162756,4.072812785287661,0.3045857269176936,3.6547163329130825,0.036585365853658534,0.08536585365853659,0.8780487804878049
129,26.777400108058384,9.764155238190908,21.31444684628533,36.30972260795655,0.20961214086056348,4.325450263395342,0.036585365853658534,0.08536585365853659,0.8780487804878049
130,18.445236670550507,9.626308115827465,21.308334336870573,46.53000376050964,0.2336527001874672,5.526736244863918,0.06097560975609756,0.08536585365853659,0.8536585365853658
131,23.585971173902287,9.692432284777885,21.23150448706175,32.54293617499321,0.153442331852271,3.517544594256599,0.13414634146341464,0.08536585365853659,0.7804878048780488
132,32.820680284117415,9.735948963960384,21.306890357171298,0.6481342798381157,0.2414322065340505,5.2572956649946825,0.036585365853658534,0.08536585365853659,0.8780487804878049
133,33.14687174772976,9.634186520784056,21.35064598916662,3.4853470582492063,0.30901658556956824,4.842901047317685,0.036585365853658534,0.08536585365853659,0.8780487804878049
134,32.869898463705205,9.765002931529908,21.256124392252293,1.051970064024464,1.0943508390296544,4.018666052233841,0.036585365853658534,0.08536585365853659,0.8780487804878049
135,32.758487652168256,9.726391596265062,21.45460891366473,1.234476427805457,0.48364961344426766,4.62170560819516,0.036585365853658534,0.08536585365853659,0.8780487804878049
136,32.90779426906675,9.798517502563202,21.37650270626226,3.4013525606558273,0.23667377500188763,5.273893397089649,0.036585365853658534,0.08536585365853659,0.8780487804878049
137,32.854966957591365,9.80094492628251,21.34538676121237,0.48956565198286023,0.2054393988573395,4.912086518491462,0.036585365853658534,0.08536585365853659,0.8780487804878049
138,32.96773234276115,9.760597180007794,21.52153257489534,0.4316675126316273,0.3478579332820313,5.605113596300654,0.036585365853658534,0.08536585365853659,0.8780487804878049
139,34.29482811548221,9.7258921611891,21.325677879502752,1.5741684920228016,0.35420499314564313,3.7924438398957605,0.036585365853658534,0.08536585365853659,0.8780487804878049
140,30.882943608647903,9.70827169551638,21.247174338518015,35.425571719274004,0.8898591161048811,3.5001789335841664,0.06097560975609756,0.08536585365853659,0.8536585365853658
141,32.92980363862542,9.795708606874792,21.423031467582398,0.4069735282585752,0.4308252713926077,4.326422675297866,0.036585365853658534,0.08536585365853659,0.8780487804878049
142,32.69381518775641,9.746844589349067,21.40149139167468,0.5425476817318505,0.3599307567382916,4.022396188074034,0.036585365853658534,0.08536585365853659,0.8780487804878049
143,26.721745147159403,9.762508876789651,21.341648837740408,45.153663229152734,0.3624314668120886,4.779165645927018,0.07317073170731707,0.07317073170731707,0.8536585365853658
144,27.697554335076497,9.760823804524472,21.216773556286928,16.955553397673793,0.28725937620624264,3.998136313044444,0.12195121951219512,0.08536585365853659,0.7926829268292683
145,32.511589986009945,9.720518354966176,21.43309704750336,101.76632309115534,0.30018680303135276,5.63674140540769,0.06097560975609756,0.07317073170731707,0.8658536585365854
146,32.65852772523786,9.735194328682336,21.395453499139663,2.9489109294770484,0.35954533131601946,4.652875141170206,0.036585365853658534,0.08536585365853659,0.8780487804878049
147,33.0980753325564,9.725430693058867,21.50640774657892,0.7992458682936671,0.5065917637664342,3.6138417818248074,0.036585365853658534,0.08536585365853659,0.8780487804878049
148,29.936925652740687,9.713308028630044,21.23939242978895,14.851336055456956,0.2314756635721787,6.866450813418345,0.04878048780487805,0.08536585365853659,0.8658536585365854
149,33.185428124309226,9.75890935316734,21.316511568390744,0.6538839257399424,0.2527527497978912,5.676199406922191,0.036585365853658534,0.08536585365853659,0.8780487804878049
150,32.42745466667462,9.662564463954041,21.357063357467432,1.064378241369502,0.33524332200395024,6.2129952919609694,0.036585365853658534,0.08536585365853659,0.8780487804878049
151,32.67880802958409,9.775552573875693,21.383010630072633,5.820603244701034,0.3903525699899229,5.104065355303792,0.036585365853658534,0.08536585365853659,0.8780487804878049
152,32.32470272351456,9.654671092160038,21.420605920491507,0.7765570803422361,0.5844340535404439,5.322496404926953,0.036585365853658534,0.08536585365853659,0.8780487804878049
153,32.608355660236136,9.94938894340482,21.43631845248543,1.5804638874703327,0.3672235269022965,5.240450939893042,0.036585365853658534,0.08536585365853659,0.8780487804878049
154,27.47573209599569,9.64984119439971,21.338222975133146,13.841851780527369,0.3755611897686645,5.673215674055414,0.07317073170731707,0.08536585365853659,0.8414634146341463
155,32.907908185184965,9.735575528884729,21.40606697505438,0.7086206212206043,0.8214734249360853,5.519535398800581,0.036585365853658534,0.08536585365853659,0.8780487804878049
156,32.88271642536272,9.875543293520797,21.367339493158536,0.5845355669958938,0.2642380241686041,4.668667834767818,0.036585365853658534,0.08536585365853659,0.8780487804878049
157,34.213707980938544,9.853612785066353,21.413463587398255,3.518680202676664,0.37418310775403285,4.021161423559067,0.036585365853658534,0.08536585365853659,0.8780487804878049
158,32.33828289609073,9.649216619104996,21.531076535990344,0.7625811792530397,0.3637095687241557,4.321931611681871,0.036585365853658534,0.08536585365853659,0.8780487804878049
159,33.355302352172714,9.715867634581583,21.357442624201003,0.701837358370655,0.15691295140871217,3.593308332524291,0.036585365853658534,0.08536585365853659,0.8780487804878049
160,33.01517750382105,9.748105024901975,21.332877240178863,0.6993223869947492,0.28375792701961455,3.7246488883761915,0.036585365853658534,0.08536585365853659,0.8780487804878049
161,33.168764826434305,9.724843750428173,21.51765272618735,0.5708778548586039,0.5757643015023086,4.480074766061569,0.036585365853658534,0.08536585365853659,0.8780487804878049
162,32.98151844011681,9.67082001518679,21.415311760097232,0.8201874339532499,0.7236378339913485,4.429901037316926,0.036585365853658534,0.08536585365853659,0.8780487804878049
163,32.693742216507204,9.56319936855705,21.438296933659874,1.1013300869731946,0.5482825369507845,4.015837566789216,0.036585365853658534,0.08536585365853659,0.8780487804878049
164,32.569753474335855,9.778381065196886,21.404383563389604,3.261707679773956,0.3475696647304379,4.169423292228903,0.036585365853658534,0.08536585365853659,0.8780487804878049
165,32.746398696886715,9.730756091181627,21.47022788860711,2.05546637611299,0.25895930127752814,4.488471779309511,0.036585365853658534,0.08536585365853659,0.8780487804878049
166,29.057327178067982,9.73004601144833,21.24737537115067,4.955819343259568,0.21580133315825406,3.459831378739954,0.04878048780487805,0.08536585365853659,0.8658536585365854
167,32.83519765434233,9.76620177480279,21.330304518360464,12.43410389433916,0.5005421088113552,5.639768383008044,0.036585365853658534,0.08536585365853659,0.8780487804878049
168,32.84864430099906,9.712595329476665,21.351547456414757,1.1426513765579134,0.29101192992322367,4.543154634320074,0.036585365853658534,0.08536585365853659,0.8780487804878049
169,32.942458603692096,9.766830422871625,21.385279398732578,0.5215397456507863,0.29864470344920596,4.04558784327813,0.036585365853658534,0.08536585365853659,0.8780487804878049
170,32.803626278346144,9.697250101283208,21.40848823474807,5.225044927604176,0.28949861897301554,4.189195759036767,0.036585365853658534,0.08536585365853659,0.8780487804878049
171,32.97583255462947,9.853186858183099,21.394359754361997,0.7027745090490004,0.92529704680486,4.202688607724112,0.036585365853658534,0.08536585365853659,0.8780487804878049
172,33.13619377555275,9.73766106399439,21.294830778032253,0.480611582818607,0.43491273434538563,3.7526857108963525,0.036585365853658534,0.08536585365853659,0.8780487804878049
173,32.303466865566136,9.761499730325557,21.39529764622119,7.954264757095649,0.4226888368843931,4.159296012904446,0.036585365853658534,0.08536585365853659,0.8780487804878049
174,32.132105687774526,9.747615021393216,21.317224389993644,3.570917393870628,0.1530296867533361,4.623779146876883,0.036585365853658534,0.08536585365853659,0.8780487804878049
175,-0.7939414240142995,9.71140066775145,21.41717356577277,427.89405240753206,0.4128636734289549,4.586397476303494,0.04878048780487805,0.08536585365853659,0.8658536585365854
176,26.207841271368075,9.753700767663963,21.311742789959894,18.114961760939657,0.3575531640969753,5.1245161488217565,0.036585365853658534,0.08536585365853659,0.8780487804878049
177,33.51792677680846,9.666766359840823,21.384538509742626,0.5617250624449468,0.2387901017047817,4.6787093562299615,0.036585365853658534,0.08536585365853659,0.8780487804878049
178,32.26007792023879,9.70833870218936,21.43457119171466,1.5201127741644926,0.5401523512863533,4.9159646347722745,0.036585365853658534,0.08536585365853659,0.8780487804878049
179,33.301385544000965,9.744295561017406,21.399251239744338,0.6440599797312173,0.44250958177546396,4.351445467155197,0.036585365853658534,0.08536585365853659,0.8780487804878049
180,32.90968530799814,9.667917972260604,21.440478546160723,0.4016024474661204,0.4911558322846421,4.913086508257313,0.036585365853658534,0.08536585365853659,0.8780487804878049
181,32.84136514482063,9.917487369493045,21.42014408718784,0.37041903858573544,0.6031829917213716,6.1803773962960715,0.036585365853658534,0.08536585365853659,0.8780487804878049
182,31.978119386389313,9.778709679750683,21.36794019874688,1.156673212196565,0.3241423555133361,4.319884821915447,0.036585365853658534,0.08536585365853659,0.8780487804878049
183,32.48026101056305,9.631821842081115,21.391134439907567,0.5039427381362207,0.7521492458243332,4.554466178869531,0.036585365853658534,0.08536585365853659,0.8780487804878049
184,19.667447003361637,9.741262090589244,21.444125507440056,91.90427376540332,0.27770682821769943,4.6189994670148025,0.036585365853658534,0.08536585365853659,0.8780487804878049
185,35.095546067017025,9.74738886632027,21.369483527409443,1.8336154526826225,0.6161385377334263,4.023936506401548,0.036585365853658534,0.08536585365853659,0.8780487804878049
186,31.86643499598177,9.709408163853855,21.276629028076222,1.1841615900806526,0.7051727203583472,4.531210877062372,0.036585365853658534,0.08536585365853659,0.8780487804878049
187,32.76107509365975,9.791021790702516,21.526246750286553,4.654570783745651,0.3100719840824469,4.041509101381869,0.036585365853658534,0.08536585365853659,0.8780487804878049
188,33.51322894331469,9.725311849916793,21.38048212539943,0.8938364048532689,0.6987118997558281,4.270320287345413,0.036585365853658534,0.08536585365853659,0.8780487804878049
189,32.20161551078652,9.774344892537044,21.317664067581195,3.2387190668443826,0.2793928605733917,3.8171515105946945,0.036585365853658534,0.08536585365853659,0.8780487804878049
190,32.31450545459852,9.704621922605579,21.406869842509625,0.6626796442068109,0.26214122169896925,4.034934053919751,0.036585365853658534,0.08536585365853659,0.8780487804878049
191,33.16687747974229,9.717004225873524,21.440410666690155,0.7303920079816477,0.29174657407210036,6.304374929243367,0.036585365853658534,0.08536585365853659,0.8780487804878049
192,32.899697190749826,9.965069157303775,21.40261213658608,28.38417075102291,0.5733342131378624,5.293879551966775,0.036585365853658534,0.08536585365853659,0.8780487804878049
193,23.70781478139655,9.696621826737804,20.952522611383397,16.25310582882494,0.24239102052587963,3.8171385554031914,0.17073170731707318,0.08536585365853659,0.7439024390243902
194,26.365244800829096,9.695372495768849,21.224132480206098,20.127308683609915,0.30086524803446885,4.04021185793174,0.06097560975609756,0.08536585365853659,0.8536585365853658
195,23.60860914163729,9.685160918388561,21.368343045095592,16.2874317507086,0.3177277505627696,4.892040311019385,0.15853658536585366,0.08536585365853659,0.7560975609756098
196,26.84163493259164,9.761291800315153,21.21620825825677,46.802333281755246,0.38689051986390893,3.41102305885669,0.17073170731707318,0.08536585365853659,0.7439024390243902
197,31.987236031851175,9.73055244061682,21.54140557739257,3.401782911075763,0.21938430952068988,5.8262413655096426,0.036585365853658534,0.08536585365853659,0.8780487804878049
198,32.64464419765481,9.71106974790331,21.19378341520151,1.5187594110475777,0.4466869459789068,3.7652708473745293,0.036585365853658534,0.08536585365853659,0.8780487804878049
199,31.86683091699108,9.738796812117569,21.344704449466473,5.995782188861276,0.14568258468774503,3.7151243636640956,0.04878048780487805,0.08536585365853659,0.8658536585365854
200,33.11108300534337,9.73708600225515,21.43131845393219,0.42455614350811094,0.9096706500479044,4.482801769566791,0.036585365853658534,0.08536585365853659,0.8780487804878049
201,31.763339487987118,9.727748822029218,21.34989847849388,4.931483419340939,0.29098307729560335,4.942994406617221,0.036585365853658534,0.08536585365853659,0.8780487804878049
202,33.02359973557459,9.731459249504459,21.333143844870666,0.8530676565051792,0.43731718608486037,3.8261290442996274,0.036585365853658534,0.08536585365853659,0.8780487804878049
203,32.88183711562703,9.780328038852783,21.36268056836219,1.507750641041655,0.3717819570694906,4.510019406768071,0.036585365853658534,0.08536585365853659,0.8780487804878049
204,29.283680523035517,9.714997711153035,21.359675962729867,5.803791480701519,0.42397916440434436,4.500098392373376,0.04878048780487805,0.08536585365853659,0.8658536585365854
205,31.736998381227654,9.810637144515013,21.408533943479558,8.911685075012167,0.28104084444726013,4.081938530908704,0.036585365853658534,0.08536585365853659,0.8780487804878049
206,33.09354381961437,9.710218402698821,21.388019570381967,0.3628688366905566,0.4167770614861825,4.4931814696498185,0.036585365853658534,0.08536585365853659,0.8780487804878049
207,33.058386464553024,9.6981569831947,21.275125509472645,1.1651712944850545,0.2095117681141311,4.616135773481597,0.036585365853658534,0.08536585365853659,0.8780487804878049
208,32.81397202680811,9.590647662068337,21.38577869698581,0.4729640789699097,0.4212961247459597,4.533160902028854,0.036585365853658534,0.08536585365853659,0.8780487804878049
209,33.16518922811265,9.58484278994377,21.423512865572075,0.5486685164491198,0.790882944454037,5.29021225370108,0.036585365853658534,0.08536585365853659,0.8780487804878049
210,32.9056044801448,9.781192665583585,21.29888118992856,1.2284323131552404,0.23673630154324538,4.212748987112649,0.036585365853658534,0.08536585365853659,0.8780487804878049
211,36.7492474628618,9.806693049966457,21.43942934854364,23.43970856474692,0.3305448761537327,3.7727242373461984,0.036585365853658534,0.08536585365853659,0.8780487804878049
212,27.88494394241975,9.751186449344809,21.334381497329606,56.47736914962774,0.2819623178221585,3.398013579676775,0.0975609756097561,0.08536585365853659,0.8170731707317073
213,32.884464205262624,9.791515164663611,21.419628376242663,1.5103397852662275,0.5158425115616209,5.673736190811455,0.036585365853658534,0.08536585365853659,0.8780487804878049
214,32.4325875174459,9.705525091313515,21.425552586914872,2.4831156207670935,0.2903973469813345,4.734860472305942,0.036585365853658534,0.08536585365853659,0.8780487804878049
215,33.0640224259533,9.747817755515108,21.375218120235665,1.4910946414093476,0.47404445405762036,4.345637225648025,0.036585365853658534,0.08536585365853659,0.8780487804878049
216,32.96887014876747,9.818171386715546,21.479317027642324,2.210904559403916,0.4382703386128426,5.530196360854834,0.036585365853658534,0.08536585365853659,0.8780487804878049
217,33.158022593548274,9.721337117938468,21.307621402305685,0.9099827617791543,0.3316259321396646,5.812854626502809,0.036585365853658534,0.08536585365853659,0.8780487804878049
218,32.68407244062515,9.719652351309772,21.392098980752806,1.4129698172793654,0.4055468137871234,5.084460748705342,0.036585365853658534,0.08536585365853659,0.8780487804878049
219,32.96954384585927,9.790466982167368,21.441853148598454,0.8254261812199624,0.21529901942787344,4.7818177429552575,0.036585365853658534,0.08536585365853659,0.8780487804878049
220,33.02662854152537,9.773119770883827,21.511031176684966,0.7141955813365839,0.4727221352969994,4.1436751355092,0.036585365853658534,0.08536585365853659,0.8780487804878049
221,30.39475524413312,9.743906360173568,21.4162433661103,57.498819054496956,0.4512251307326704,2.826349478605097,0.08536585365853659,0.08536585365853659,0.8292682926829268
222,22.557627742898337,9.787468010533667,21.175615847938694,36.45628517291769,0.46989886046904655,2.1285605251400472,0.17073170731707318,0.08536585365853659,0.7439024390243902
223,26.174651980050623,9.7523702176278,21.269519561505824,21.42761801735131,0.45232249057032703,4.37300076033606,0.14634146341463414,0.08536585365853659,0.7682926829268293
224,27.23499664691309,9.740644549814002,21.352993004852095,22.41960277551926,0.2853274555060329,3.6388403214518514,0.04878048780487805,0.08536585365853659,0.8658536585365854
225,24.552980971211053,9.857594436942914,21.44594567790859,62.09604440493464,0.3112234197217873,3.266639988493083,0.14634146341463414,0.08536585365853659,0.7682926829268293
226,14.373785943834198,9.718481137640554,21.343792103924493,194.72140697106252,0.2386117862718982,3.7999716712647484,0.06097560975609756,0.08536585365853659,0.8536585365853658
227,33.36052155510398,9.762755252022316,21.438281112169904,0.23594000747129007,0.6708306379645139,4.748720903410739,0.036585365853658534,0.08536585365853659,0.8780487804878049
228,32.35396483330277,9.703834199847924,21.318701602958527,0.709385992313359,0.2251322470255523,4.033364074131553,0.036585365853658534,0.08536585365853659,0.8780487804878049
229,33.01557759298237,9.670584867820535,21.339491427489815,0.3136445451115387,0.3138106176213695,5.907892462348725,0.036585365853658534,0.08536585365853659,0.8780487804878049
230,33.04019229360563,9.736239302492727,21.389170623401412,1.5172973757639072,0.6369408527406873,5.771354784945853,0.036585365853658534,0.08536585365853659,0.8780487804878049
231,32.906854173028485,9.736763491101232,21.370490583007133,0.7339443280775879,0.32926497779861086,4.829698129265732,0.036585365853658534,0.08536585365853659,0.8780487804878049
232,33.293082918791995,9.707981920826802,21.39907101647688,0.4733864864753786,0.3336868446443732,3.4916469643386936,0.036585365853658534,0.08536585365853659,0.8780487804878049
233,32.77263232904312,9.897229905536392,21.35344593247963,0.5720170079357799,0.3376649985560648,4.487247495620786,0.036585365853658534,0.08536585365853659,0.8780487804878049
234,32.86443447491198,9.632835245139681,21.474059609146213,0.29326469053167353,0.8831298506598811,6.85283645879395,0.036585365853658534,0.08536585365853659,0.8780487804878049
235,32.33134749994517,9.713025969459451,21.303135437855172,1.1930352679392926,0.4019496214698945,4.085617196011483,0.036585365853658534,0.08536585365853659,0.8780487804878049
236,32.350306004415046,9.685365496342799,21.317522878346004,1.6909688120408894,0.6144031434464206,4.218197177780452,0.036585365853658534,0.08536585365853659,0.8780487804878049
237,32.812183828044844,9.661125925478046,21.491231728098537,0.47576589886205956,0.27553648990401425,5.542253404760788,0.036585365853658534,0.08536585365853659,0.8780487804878049
238,28.210713692311675,9.77323006457745,21.20736054844187,15.906046270359276,0.37704602315318875,5.739098816137873,0.07317073170731707,0.08536585365853659,0.8414634146341463
239,32.42242667709152,9.77614944242767,21.479019429415654,0.4824849584436805,0.49134211515825865,5.656819552724306,0.036585365853658534,0.08536585365853659,0.8780487804878049
240,33.02208790694523,9.718119475353376,21.387656869611064,0.9688550118459779,0.5399580631396542,4.453900032246638,0.036585365853658534,0.08536585365853659,0.8780487804878049
241,33.37901032872713,9.6630603236486,21.453541784074346,5.752158021039627,0.19753934251585403,4.792341512064017,0.036585365853658534,0.08536585365853659,0.8780487804878049
242,32.758756213123156,9.858715120260493,21.436375441709675,2.081092704122375,0.7739810937726923,4.026796117583359,0.036585365853658534,0.08536585365853659,0.8780487804878049
243,32.34590102006034,9.694622453294711,21.445562766629596,0.3124692683074868,0.2478194347167474,3.520725552813566,0.036585365853658534,0.08536585365853659,0.8780487804878049
244,32.86911384217062,9.778908843748818,21.395549702519574,1.6516709904513402,0.9014364788816613,4.550810624676726,0.036585365853658534,0.08536585365853659,0.8780487804878049
245,33.17937159105021,9.686479807142105,21.323103929968465,1.061906890263043,0.35207998218344333,4.876292350409167,0.036585365853658534,0.08536585365853659,0.8780487804878049
246,32.64172549714923,9.76306248581257,21.442904476765754,0.44966136751430885,0.28495701350383373,4.739840227666805,0.036585365853658534,0.08536585365853659,0.8780487804878049
247,32.24571032988636,9.732238725024567,21.463255426906095,2.9448997243452673,0.5387414379765505,4.960516622608676,0.036585365853658534,0.08536585365853659,0.8780487804878049
248,32.86926369995212,9.699521449034274,21.453500244056396,0.8140757736625077,0.4382439182143268,5.048821164575823,0.036585365853658534,0.08536585365853659,0.8780487804878049
249,31.995236176216206,9.688112878997103,21.44916745692206,1.778965060067624,0.19131229541265438,4.918632661128978,0.036585365853658534,0.08536585365853659,0.8780487804878049
250,23.220024526808537,9.764896280862038,21.028900677956106,31.481339496130694,0.39747619071499435,4.34751748027507,0.0975609756097561,0.08536585365853659,0.8170731707317073
251,28.347744811894252,9.783762563140002,21.196050321261882,45.831384238762354,0.2504140452696732,3.587278727989547,0.15853658536585366,0.08536585365853659,0.7560975609756098
252,27.132873303678156,9.727022337127195,21.439423108362398,9.42021032155149,0.24177219931317073,4.853415689033891,0.036585365853658534,0.08536585365853659,0.8780487804878049
253,28.82618760734015,9.74791746812478,21.294096527324687,12.365188177664457,0.23530294895355935,4.8568954450014665,0.08536585365853659,0.08536585365853659,0.8292682926829268
254,32.982016038067556,9.7527215661818,21.351792580953717,0.8459947264804989,1.1412804092720286,4.044106939976254,0.036585365853658534,0.08536585365853659,0.8780487804878049
255,32.570285692100356,9.544911575107296,21.588812015590943,2.042569631348715,0.19635347749981838,4.4780189274753575,0.036585365853658534,0.08536585365853659,0.8780487804878049
256,33.07912250351413,9.719290358688086,21.375309905174838,0.688091748715844,0.3690292034297069,6.447814464562992,0.036585365853658534,0.08536585365853659,0.8780487804878049
257,32.98392421949645,9.709407244400435,21.413456732372445,1.2406119428575866,0.3502093270507503,3.3407155195121687,0.036585365853658534,0.08536585365853659,0.8780487804878049
258,32.91022361400972,9.69341907291152,21.356558771719943,0.7423087564600582,0.28237890813422184,3.2899496357495273,0.036585365853658534,0.08536585365853659,0.8780487804878049
259,32.51098384238307,9.690524522272563,21.387290770774612,0.3797281487467213,0.5768514304401534,4.005875262376841,0.036585365853658534,0.08536585365853659,0.8780487804878049
260,31.36014815227561,9.838588106062202,21.489367358138004,1.9908421259829228,0.2831051694121348,5.7431319315741645,0.036585365853658534,0.08536585365853659,0.8780487804878049
261,32.980555406539104,9.731920799809622,21.441989575882022,0.822828401435458,0.18514647119756325,6.249277324677954,0.036585365853658534,0.08536585365853659,0.8780487804878049
262,32.657882996984405,9.781226746835845,21.438043275015925,0.9667199218870617,0.279849032521001,6.37359484665192,0.036585365853658534,0.08536585365853659,0.8780487804878049
263,32.79793888811476,9.871662280856482,21.448086779900226,2.1525614381830476,0.18948611714922783,5.010765001268547,0.036585365853658534,0.08536585365853659,0.8780487804878049
264,32.822245973682534,9.803907985140988,21.375342092954313,2.5980846698986175,0.6684119246516963,3.899081451037865,0.036585365853658534,0.08536585365853659,0.8780487804878049
265,32.129366565573065,9.739986856126942,21.37968549853367,1.1748498925144222,0.2845687584271983,4.927807543198759,0.036585365853658534,0.08536585365853659,0.8780487804878049
266,32.539937122223726,9.762214631239708,21.41470952331428,0.5637865349949012,0.7851358809921472,3.566117312867209,0.036585365853658534,0.08536585365853659,0.8780487804878049
267,32.93918085735851,9.69424082033429,21.493263026430952,0.44759705122907867,0.4289202453459877,4.502759110916261,0.036585365853658534,0.08536585365853659,0.8780487804878049
268,32.81807585082581,9.722830103981266,21.40196287625731,0.6775152643985279,1.084765642933723,3.6370390541636675,0.036585365853658534,0.08536585365853659,0.8780487804878049
269,32.65037092994139,9.766737338369518,21.37387055917187,0.8215158624170276,0.39982702193139835,4.8958374440103745,0.036585365853658534,0.08536585365853659,0.8780487804878049
270,32.30261762277583,9.745516056096326,21.483594149773634,3.116575191933732,0.49297749751142106,5.719354558076429,0.036585365853658534,0.08536585365853659,0.8780487804878049
271,32.85047283890295,9.756300516868409,21.365909845972638,1.7668035673346536,0.26169095983847757,4.912509905986366,0.036585365853658534,0.08536585365853659,0.8780487804878049
272,32.98338627301498,9.745213940836697,21.461147361972017,0.8812137564393957,0.24732850853011715,5.492210214272645,0.036585365853658534,0.08536585365853659,0.8780487804878049
273,32.89755601773476,9.714382694440683,21.403539412468497,0.9067576857444504,0.39858238427541903,4.0526096426051845,0.036585365853658534,0.08536585365853659,0.8780487804878049
274,33.08781834861604,9.672830360886364,21.48184441653798,0.8753131493205509,0.3840345846490308,3.6328366781422274,0.036585365853658534,0.08536585365853659,0.8780487804878049
275,32.60687773053289,9.829714289877101,21.44267493493365,1.1641085902617756,0.27135444216012733,4.589875740421655,0.036585365853658534,0.08536585365853659,0.8780487804878049
276,33.102122945596,9.843241695309745,21.395722688600486,0.37330510167401304,0.37678937237464244,3.8650088814067884,0.036585365853658534,0.08536585365853659,0.8780487804878049
277,33.041521241736504,9.786302334327235,21.4331879442193,0.4821698096100902,0.47775438708456297,4.080894295022445,0.036585365853658534,0.08536585365853659,0.8780487804878049
278,33.16745598854181,9.697163929686294,21.321329758562655,0.9419684818197485,0.48368754880233533,4.850917077506637,0.036585365853658534,0.08536585365853659,0.8780487804878049
279,32.36672313217997,9.700930963945625,21.382796568298673,1.080673793015398,0.10717982125962132,4.264882169200053,0.036585365853658534,0.08536585365853659,0.8780487804878049
280,32.03494768490657,9.703449043440013,21.41329932002172,2.276783166803407,0.6510049777724367,4.403287642632038,0.036585365853658534,0.08536585365853659,0.8780487804878049
281,32.75640724564456,9.781709768196004,21.448649820684413,0.8652505346278244,0.19593213810993015,6.953835122593112,0.036585365853658534,0.08536585365853659,0.8780487804878049
282,33.094069752977674,9.675853531682757,21.437113307670487,0.5258230083024352,0.501622612039396,4.783080249723817,0.036585365853658534,0.08536585365853659,0.8780487804878049
283,32.739824422539776,9.791969921456763,21.349697874155822,0.7216987452998358,0.541551373735982,5.70031903313668,0.036585365853658534,0.08536585365853659,0.8780487804878049
284,32.57510592945215,9.736358869571248,21.316823471982453,1.171491582729903,0.7422142818600478,5.755257543483265,0.036585365853658534,0.08536585365853659,0.8780487804878049
285,33.200323973908915,9.707337456509231,21.517974945319775,0.41510171093438386,0.9113941768636128,5.342670889716319,0.036585365853658534,0.08536585365853659,0.8780487804878049
286,32.57110275076763,9.862742862456269,21.35741064227979,0.36004516729560626,0.25558135142573185,4.699302524838405,0.036585365853658534,0.08536585365853659,0.8780487804878049
287,32.32542936760042,9.713004559259675,21.34457234235817,2.7991294430468487,0.40140399350240463,4.762864476855742,0.036585365853658534,0.08536585365853659,0.8780487804878049
288,23.563409803582953,9.661952677633154,21.251809966312358,31.408377682558893,0.25278412782431653,2.4907003432688275,0.1951219512195122,0.08536585365853659,0.7195121951219512
289,29.255902194280672,9.699911778017155,21.284702852122106,18.329747224652884,0.43440182496005125,3.7520748803938164,0.10975609756097561,0.08536585365853659,0.8048780487804879
290,22.737450727306527,9.682507837203069,21.290138660316714,35.83946675176534,0.6760780207675837,5.13155683268271,0.2073170731707317,0.08536585365853659,0.7073170731707317
291,32.886154436284386,9.671516355712514,21.358964978003026,10.075907363802086,0.35237043128183126,4.480106333038659,0.04878048780487805,0.08536585365853659,0.8658536585365854
292,32.43506572011896,9.659256944211434,21.398879900560246,0.8034907294465478,0.44209582679243575,4.2769639753363595,0.036585365853658534,0.08536585365853659,0.8780487804878049
293,33.410675976390564,9.73343758363065,21.369764354827776,0.6962932626634452,0.45726813375647496,4.759237541554548,0.036585365853658534,0.08536585365853659,0.8780487804878049
294,32.497461092725636,9.742098175628845,21.466443876574782,0.9034896845006452,0.27271965935353365,4.724422818740041,0.036585365853658534,0.08536585365853659,0.8780487804878049
295,12.745882948787994,9.766971597365702,21.378681910487785,277.31041566266856,0.22333638702847886,4.159562290119476,0.06097560975609756,0.08536585365853659,0.8536585365853658
296,25.11425689008595,9.759417080578912,21.36895387886497,49.03116555918495,3.0244182627968597,3.8793476266899125,0.15853658536585366,0.08536585365853659,0.7560975609756098
297,23.555155099140766,9.911696375370399,21.421123083211132,28.492834698427057,0.28274379748906664,3.9601264838744177,0.14634146341463414,0.06097560975609756,0.7926829268292683
298,24.631945875836777,9.665842727818518,21.31849959375232,83.42321597832995,0.19536886245921423,3.3221468524181117,0.10975609756097561,0.07317073170731707,0.8170731707317073
299,24.137774620300444,9.68656336658303,21.130896606908635,9.617067303839217,0.4614773848507964,3.5695269390836937,0.10975609756097561,0.08536585365853659,0.8048780487804879
